Actual,Predicted,Precision,Recall,F1
"Airline Pilots Association has called for airlines to reduce the number of seats on their planesThe FAA has said it is'very concerned' about the number of people flying on planesUnited Airlines has a 31 inch pitch, while some airlines offer as little as 28 inches31 inches of space between the seat and the seat behind itThomson's short haul seat pitch is 28 inches",Experts question if  packed out planes are putting passengers at risk US consumer advisory group says minimum space must be stipulated Safety tests conducted on planes with more leg room than airlines offer ,0.7832822799682617,0.7568689584732056,0.7698491215705872
"Kamla Nehru Zoological Park spokesman said: 'The lions are not a threat to the visitorsKumar was able to get through themKumar was rescued by zoo security staff before he could reach the lionsDelhi zoo has a lion enclosure, but the lions are not allowed to climb into the enclosures","Drunk teenage boy climbed into lion enclosure at zoo in west India Rahul Kumar, 17, ran towards animals shouting 'Today I kill a lion!' Fortunately he fell into a moat before reaching lions and was rescued ",0.7713282704353333,0.7739619016647339,0.7726428508758545
Forest's hopes of a play-off placeFreedman has been a key part of the team's success this season,Nottingham Forest are close to extending Dougie Freedman's contract The Forest boss took over from former manager Stuart Pearce in February Freedman has since lead the club to ninth in the Championship ,0.7242616415023804,0.7509732246398926,0.7373755574226379
"Fiorentina have been linked with a move for the Brazilian goalkeeper, who has been linked with a move to LiverpoolEuropean summerFiroentinaBrazil coach Dunga has warned Neto not to play as a No 2 in the future","Fiorentina goalkeeper Neto has been linked with Liverpool and Arsenal Neto joined FiroentinaÂ from Brazilian outfit Atletico Paranaense in 2011 He is also wanted by PSG and Spanish clubs, according to his agent CLICK HERE for the latest Liverpool news ",0.7973095178604126,0.7983974814414978,0.7978531718254089
"Bruce Jenner is a man, he is a womanBruce's upcoming interview with Diane Sawyer on Monday, but the gossip site has now confirmed that the interview will air on ABC on TuesdayJenner, who has been married to the reality star for more than 20 years, has been a source of contention for the coupleJenner has been spotted wearing a tan sweatshirt and a pair of black jeansJenner's breasts, he has a'stiff' breastBruce has been a'very private person' for the past few years, and Kim has been a very public person for the past few yearsKris Jenner's family and friendsJenner's lastNichols's first forays back to TV news following the death of her husband, acclaimed director Mike Nichols, following a heart attack last November","Tell-all interview with the reality TV star, 69, will air on Friday April 24 It comes amid continuing speculation about his transition to a woman and following his involvement in a deadly car crash in February The interview will also be one of Diane Sawyer's first appearances on television following the sudden death of her husband last year ",0.8135790228843689,0.7400470972061157,0.7750729918479919
"Pool in an upmarket neighbourhood in Ringwood, HampshirePoole, Dorset, and a slide boardWest SussexFirefighters helicopterA spokesman for the fire service said: 'The woman was rescued by a crane and was able to get back to her home","Giant pig fell into the swimming pool at his home in Ringwood, Hampshire It took the efforts of a team of firefighters to winch him out of the water A wayward horse also had to be rescued from a swimming pool in Sussex ",0.7692792415618896,0.7701508402824402,0.7697147727012634
"BBC Radio, which has been a major part of the UK's cultural life for more than 100 yearsBBC Trust’s February meeting revealed that director general Tony Hall highlighted the fallApple-led push for streaming servicesBBC Radio 4’s case, the BBC has been able to re-launch its digital services, bringing in new digital content and a new digital formatChief Operating Officer, said that the Corporation was ‘very pleased’ with the progress of the digital revolution'We are going to be a digital first organisation,' he said","Figures show that while millions still tune in they listen for shorter bursts Average listener spent ten hours a week tuning in last three months of 2014 This was 14% down on decade earlier, when people tuned in for 116 hours The BBC Trust has cleared the way for firms to buy their way into lifestyle programmes on the World News channel in a product placement experiment For example, publishers could pay to have their books reviewed on Talking Books The BBC Trust will review the scheme in a year",0.736508846282959,0.7307267189025879,0.7336063385009766
"John Stamos saidFull House to the world,"" Netflix said in a statementTanner, are also a part of the familyBarber's tweets were retweeted more than a million times","Show will return with a one-hour special, followed by spinoff, star John Stamos says He announced the show Monday night on ""Jimmy Kimmel Live""",0.7465255856513977,0.72576504945755,0.7359989285469055
"Ken Doherty's lastEvans's time, beat Evans 10-8 in the final at Ponds ForgeDohertyEvans was beaten in the first round by the defending champion, Graeme McDowell, in the finalKen Doherty hit were a bit shaky and he was a bit nervousKen if I had played herDoherty and said: 'I'm not sure I'm going to play you again'Evans in the last frameare dotted around the roomThey will be more careful next time","Reanne Evans faced Ken Doherty in World Championship qualifier Doherty won the world championship in 1997 Evans lost the first frame 71-15 against Doherty But theÂ DudleyÂ native fought back to lead 4-3 Ken Doherty, however, managed to close out an enthralling contest 10-8 ",0.8022553324699402,0.7494465708732605,0.7749522924423218
"20 and 31 yearsAhmed Hassan-Sule, 21, and Mohamed Saleh, 22, who were also jailed for four years and nine monthsa sense of selfMum and I was a victim'slags'Banbury CIDTakudzwa Hova was a'suspicious young man'sexual activity with a childManase was sentenced to four years' imprisonmentA second man, 22, of Banbury, was found guilty of one count of rapee","Gang have been jailed for a total of 31 years for sexually abusing children Offences happened in cars, woods or at the defendants' homes in Banbury Lured victims to parties organised on social media and then abused them Girls aged between 13 and 16 were exploited by the gang from 2009 to 2014 ",0.7475890517234802,0.7234509587287903,0.7353219985961914
"Tunisia, he saidMohamed Ali Malek (right) in the face as he tries to save the migrantsMalek, who was arrested on Saturday, has been charged with multiple manslaughterMaltaten to fourteenMalek said: 'It was a very sad dayEuropean Union-led mission to the Mediterranean to help the migrantsEuropean and that it is a 'disaster' for the EUItalian-led efforts in 2011Australia has been a major source of migrants to Italy, with more than a million people arriving in the country since the start of the yearAustraliaAustralia constitutionMalta said he was'very concerned' about the migrant crisisLibyan authorities have reportedly seized a number of boats carrying refugees from the country","Mohammed Ali Malek, 27, has been charged with multiple manslaughter Arrived in Malta on Italian rescue ship with bodies of 24 migrant victims He was arrested alongside his 26-year-old Syrian 'smuggler accomplice'Prosecutors say Malek crashed into ship which had come to its rescue Migrants then shifted position as result of collision, causing it to capsize ",0.7947945594787598,0.745182991027832,0.7691896557807922
"Kim Ki-Jong, who was a member of the anti-government movement, was arrested on suspicion of attempted murder on FridaySeoul's Severance Hospital has made it in a matter of hoursGrigsby, who is a dog, to be walked in the wheelchairKim Ki-Jong, who was arrested on Wednesday, has denied any intention to killKorean and that he was a'stupid' manKim's alleged involvement in the attack, which he said was a'symbolic' act, and are investigating whether he has violated the lawSouth Korea has also accused North Korea of'smear campaign'ch 5","Lippert, 42, suffered deep gashes to his hand when he was assaulted by knife-wielding nationalist Kim Ki-Jong in central Seoul last month 'It is an amazing apparatus, one I haven't seen before - so innovative and creative,' he wrote on Facebook ",0.7460784912109375,0.724686861038208,0.7352270483970642
"Cook was then dismissed for a duck by the West Indies' captain, who was a tad disappointed with his performanceIan Bell (left) and Gary Ballance (right) celebrate after a day of cricket",Alastair Cook completed his century on the second morning of action England captain resumed on 95 and reached three figures before retiring That allowed Ian Bell to arrive at the creaseÂ as tourists continued to bat ,0.7779964804649353,0.771834135055542,0.7749030590057373
"US officials had hoped would be a last resortPakistani officials, the Pakistani government was able to negotiate with the Taliban because it had contacts with the militantsPakistan described the killingt often describes CIA drone strikes According to New America, which tracks drone strikes in Pakistan, CIA drone attacks happened in Shawal, North Waziristan, on January 19 in which at least four militants were killed; also on January 15 in Tehsil Ladha, South Waziristan, in which at least five militants were killed; and on January 4 in Datta Khel, South Waziristan, in which at least eight militants were killedAfghanUS citizen, is a former CIA operative who was convicted of leaking information to the FBIUS as the new presidentIMU is a terrorist group that has been operating in Pakistan since the late 1990sPakistan on July 20, 2009Pakistani to Lahore, where they subsequently seized a number of other hostagesal Qaedaal Qaeda""US government has been criticized for not doing enough to free the hostagesAmerican hostages retrievedUS Department of Homeland Security, to oversee the clearance processa key one, it is not a purely political oneQatari government has a long history of negotiating with terrorists, and it has a long history of negotiating with terroristsQatar's coastPakistan has a long history of enforcing its sovereignty over its territory",US hostage Warren Weinstein is believed to have been accidentally killed in counter-terrorism strike Peter Bergen: US should rethink hostage policy to increase chances of freeing those held ,0.751970648765564,0.6628612875938416,0.7046098709106445
"Davila, who was arrested on suspicion of robbery, was a 'black widow' who posed as a 'black woman' on FacebookDiego Escalante, from Tigre, Buenos Aires, said he had been robbed after falling victim to the ployamponsDavila's nameDavila'stole the money from him'Davila was arrested on suspicion of robbery and drugging in the city of Buenos Aires on Wednesdaysan diego woman charged with rape","Sofia Davila, 21, nicknamed the 'Black Widow of Facebook' over crimes Caught after going to police, claiming she was forced out her victim's flat She has admitted bedding and robbing 15 men after spiking their drinks ",0.7961002588272095,0.7668652534484863,0.7812093496322632
"Australian Fashion Report also found that the Australian workforce is a'very diverse' workforce, with a large proportion of Australians working in the fashion industryAustralian clothinga worker earning a little more than the minimum wageLowes, Industrie, Best & Less and the Just Group were identified as some of the worst performersUzbekistan is the only country in the world that has a thriving textile industry, but the country is also home to a large number of migrant workersBapt, said: 'The report shows that the majority of companies still don't know where all their cotton comes fromThe report was based on a survey of 165 million children,' he saidBangladesh's 'unfair' labour laws'we didn't find any information that was particularly good'Kmart, which has a workforce of 30,000, has a workforce of 30,000","Australian Fashion Report revealed the Australian-sold brands and companies that ignore the exploitation of their overseas workers Lowes, Industrie, Best & Less and the Just Group - which includes Just Jeans, Portmans and Dotti - were  some of the worst performers Etiko, Audrey Blue, Cotton On, H&M and Zara had some of the best scores 75 per cent of companies don't know the source of all their fabrics and inputs ",0.8399126529693604,0.7712334394454956,0.8041092753410339
"Arsenal's Under 21sArsenal player of the year award in DecemberWilshere has been a key part of the squad for the last two seasons, but has struggled to find the net this seasona hamstring injury and has been out for the last two weeksWilshere has been a key part of the side that won the league title last season","Arsenal take on Stoke City in Barclays Under 21 Premier League clash Jack Wilshere and club captain Mikel Arteta have been out since November Abou Diaby has been ravaged by injuries during nine-year spell at club Arteta, Wilshere and Diaby are all close to first-team returns Young winger Serge Gnabry also in the side on return from injury READ: Arsenal's Alex Oxlade-Chamberlain, Calum Chambers, Jack Wilshere and Danny Welbeck keep their agents close CLICK HERE for all the latest Arsenal news ",0.7490061521530151,0.78413325548172,0.7661672234535217
"Nick’ Arulchelvam was a shopkeeper at the store in Watfordsat down and he sat down and he sat down and he sat down and he sat down and he sat down and he sat down and he sat down and he sat down and he sat down and he sat down and he sat down and he sat down and he sat down and he sat down and he sat down and he sat down and he sat down and he sat down and he sat down and he sat down and he sat down and he sat down and he sat down and he sat down and he sat down and he sat down and he sat down and he sat down and he sat down and he sat down and he sat down and he sat down and he sat down and he sat down and he sat down and he sat down and he sat down and he sat down and he sat down and he sat down and he sat down and he sat down and he sat down and he sat down and he sat down and he sat down and he sat down and he sat down and he sat down and he sat down and he sat down and he sat down and he sat down and he sat down and he sat down and he sat down and he sat down and he sat down and he sat down and he sat down and he sat down and he sat down and he sat down and he sat down and he sat down and he sat down and he sat down and he sat down and he sat down and he sat down and he sat down and he sat down and he sat down and he sat down and he sat down and he sat down and he sat down and he sat down and he sat down and he sat down and he sat down and he sat down and he sat down and he sat down and he sat down and he sat down and he sat down and he sat down and he sat down and he sat down and he sat down and he sat down and he sat down and he sat down and he sat down and he sat down and he sat down and he sat down and he sat down and he sat down and he sat down and he sat down and he sat down and he sat down and he sat down and he sat down and he sat down and he sat down and he sat down and he sat down and he sat down and he sat down and he sat down and he sat down and he sat down and he sat down and he sat down and he sat down and he sat down and he sat down and he sat down and he sat down and he sat down and he sat down and he sat down and he sat down and he sat down and he sat down and he sat down and he sat down and he sat down and he sat down and he sat down and he sat down and he sat down and he sat down and he sat down and he sat down and he sat down and he sat down and he sat down and he sat down and he sat down and he sat down and he sat down and he sat down and he sat down and he sat down and he sat down and he sat down and he sat down and he sat down and he sat down and he sat down and he sat down and he sat down and he sat down and he sat down and he sat down and he sat down and he sat down and he sat down and he sat down and he sat down and he sat down and he sat down and he sat down and he sat down and he sat down and he sat down and he sat down and he sat down and he sat down and he sat down and he sat down and he sat down and he sat down and he sat down and he sat down and he sat down and he sat down and he sat down and he sat down and he sat down and he sat down and he sat down and he sat down and he sat down and he sat down and he sat down and he sat down and he sat down and he sat down and he sat down and he sat down and he sat down and he sat down and he sat down and he sat down and he sat down and he sat down and he sat down and he sat down and he sat down and he sat down and he sat down and he sat down and he sat down and he sat down and he sat down and he sat down and he sat down and he sat down and he sat down and he sat down and he sat down and he sat down and he sat down and he sat down and he sat down and he sat down and he sat down and he sat down and he sat down and he sat down and he sat down and he sat down and he sat down and he sat down and he sat down and he sat down and he sat down and he sat down and he sat down and he sat down and he sat down and he sat down and he sat down and he sat down and he sat down and he sat down and he sat down and he sat down and he sat down and he sat down and he sat down and he sat down and he sat down and he sat down and he sat down and he sat down and he sat down and he sat down and he sat down and he sat down and he sat down and he sat down and he sat down and he sat down and he sat down and he sat down and he sat down and he sat down and he sat down and he sat down and he sat down and he sat down and he sat down and he sat down and he sat down and he sat down and he sat down and he sat down and he sat down and he sat down and he sat down and he sat down and he sat down and he sat down and he sat down and he sat down and he sat down and he sat down and he sat down and he sat down and he sat down and he sat down and he sat down and he sat down and he sat down and he sat down and he sat down and he sat down and he sat down and he sat down and he sat down and he sat down and he sat down and he sat down and he sat down and he sat down and he sat down and he sat down and he sat down and he sat down and he sat down and he sat down and he sat down and he sat down and he sat down and he sat down and he sat down and he sat down and he sat down and he sat down and he sat down and he sat down and he sat down and he sat down and he sat down and he sat down and he sat down and he sat down and he sat down and he sat down and he sat down and he sat down and he sat down and he sat down and he sat down and he sat down and he sat down and he sat down and he sat down and he sat down and he sat down and he sat down and he sat down and he sat down and he sat down and he sat down and he sat down and he sat down and he sat down and he sat down and he sat down and he sat down and he sat down and he sat down and he sat down and he sat down and he sat down and he sat down and he sat down and he sat down and he sat down and he sat down and he sat down and he sat down and he sat down and he sat down and he sat down and he sat down and he sat down and he sat down and he sat down and he sat down and he sat down and he sat down and he sat down and he sat down and he sat down and he sat down and he sat down and he sat down and he sat down and he sat down and he sat down and he sat down and he sat down and he sat down and he sat down and he sat down and he sat down and he sat down and he sat down and he sat down and he sat down and he sat down and he sat down and he sat down and he sat down and he sat down and he sat down and he sat down and he sat down and he sat down and he sat down and he sat down and he sat down and he sat down and he sat down and he sat down and he sat down and he sat down and he sat down and he sat down and he sat down and he sat down and he sat down and he sat down and he sat down and he sat down and he sat down and he sat down and he sat down and he sat down and he sat down and he sat down and he sat down and he sat down and he sat down and he sat down and he sat down and he sat down and he sat down and he sat down and he sat down and he sat down and he sat down and he sat down and he sat down and he sat down and he sat down and he sat down and he sat down and he sat down and he sat down and he sat down and he sat down and he sat down and he sat down and he sat down and he sat down and he sat down and he sat down and he sat down and he sat down and he sat down and he sat down and he sat down and he sat down and he sat down and he sat down and he sat down and he sat down and he sat down and he sat down and he sat down and he sat down and he sat down and he sat down and he sat down and he sat down and he sat down and he sat down and he sat down and he sat down and he sat down and he sat down and he sat down and he sat down and he sat down and he sat down and he sat down and he sat down and he sat down and he sat down and he sat down and he sat down and he sat down and he sat down and he sat down and he sat down and he sat down and he sat down and he sat down and he sat down and he sat down and he sat down and he sat down and he sat down and he sat down and he sat down and he sat down and he sat down and he sat down and he sat down and he sat down and he sat down and he sat down and he sat down and he satMr Prasanna was pronounced dead at the scenePatrick O’Driscoll’s arrestMichael McInerney, who was a member of the gang, was a'very good man' and 'a very good man'McInerney to a sex slaverobbery and conspiracy to rob were rejectedMcInerney’s car to the Sheerness areaChelmsford, Chelmsford, Colchester and IpswichUday Prasanna, who was also a Tesco managerThe couple, who had been married for five years, had been living together in a flat in Watford for a year","Prasanna Arulchelvam leapt into van as it sped away but was pushed out His head hit the ground with a 'nasty crunch' and he died 11 days later A gang tried to steal cigarettes from the victim's van before he gave chase All three have now been jailed, including the man who pushed Mr Prasanna ",0.6788066029548645,0.5992336273193359,0.6365429759025574
"Siberia, where the fires are a result of a droughtPacific Ocean, causing the fires to spread to the United StatesraysThe smoke will be a lot less visible","Smoke from massive fires in Siberia created fiery sunsets in the Pacific Northwest Atmospheric winds carried smoke from the wildfires across the Pacific Ocean Smoke particles altered wavelengths from the sun, creating a more intense color ",0.8064393997192383,0.7860269546508789,0.7961023449897766
"Austrian historians for years, but this is the first time they have found a camel skeleton in the countryThe Telegraph reportssex animalGerman Nation'saved' camel was a cross-breed camel that was bred in the Ottoman Empire during the 1683 Siege of ViennaTulln's firstcamels as a means of transportOttoman Empire was a significant part of the battle's successwas a 'Viennese camel'The dog was a 'Bactrian-dromedary hybrid' – a breed popular in the Ottoman army at the time","Scientists say camel was left in Tulln after the 1683 siege of Vienna It would have shocked residents as camels were an alien species 'They didn't know what to feed it or whether one could eat it,' study said Ottoman army used camels for transportation and as riding animals ",0.7890663743019104,0.7594694495201111,0.7739850878715515
"Ben Affleck saidAffleck's own family, and the show's producer didn't seem to mindAffleckAffleck's viewsPBS's own archivesLynton was a spokesman for the show, and he was not involved in the negotiationsAffleck's way in the Revolutionary WarAffleck was ""asshole"" and ""assholes"" are ""assholes""PBS's decision to leave out the information about Affleck's distant relative was a good oneYe","Ben Affleck admits he asked PBS show ""Finding Your Roots"" to avoid mentioning his slave-owning ancestor Dean Obeidallah says the actor and the show were right to leave the detail out ",0.8051108717918396,0.784164309501648,0.7944995760917664
"Mediterranean boatsGhermay to the sands of the Mediterranean and he dragged me to the shores of the MediterraneanItalian prosecutors' search for himLibyan government in 2011Italian job,' he saidUAE''swimming' in the Mediterranean as they wait for their boat to dock in SicilyAfricaItaly was about 50,000 eurosadvi is a slang term used by the migrant traffickers to describe the people who are smuggled into the countryMediterranean coastTunisian boat captain was arrestedPortugal of ignoring the ship's distress signal and ignoring the crew's pleas for helpEgypt on Friday morning and was spotted by a passing schooner on the coast of LibyaThe ship was carrying a crew of five, including a crew of four Italians","Mered Medhanie and Ermias Ghermay 'have made Â£72m in last two years'Medhanie heard on police wiretap mocking the fatal overcrowding of ships Ghermay reportedly said: 'I don't know what happened, they probably died'Pair wanted over major smuggling ring, but are hiding in lawless Libya ",0.7473248839378357,0.7323975563049316,0.7397858500480652
"Beatrice has been a vocal critic of for yearsBernie Ecclestone has been accused of repressing pro-democracy activists in BahrainBah Tower, he said: ‘It’s a very unusual sightBeatrice was spotted in the Gulf state in DecemberAir MilesBeatrice is not a full-time employeeBeatri was spotted in the middle of the race, a few laps from the finish line, with her father, who was also in the race, congratulating herYo, the tiger-striped tiger, is the smallest of the three tigersBeatrice has been spotted in the city on a number of occasions since the start of the yearBeatrice has been spotted in the country for the first time since her retirement from SonyBeatrice, who is a spokesman for the Duke of York, has been a regular visitor to the Middle East for the past two yearsBeatrice's parents are a family of five and have been married for a decadeSonyVerde, where she was reunited with her family and friendsCol in SwitzerlandEugenieFormula 1 titlee race from a platform suspended above the track","Beatrice seen watching race on terrace with the Gulf state's Crown Prince Marks 13th holiday since November last year, and fourth in a month Princess quit her job at Sony Pictures in New York before Christmas Despite that she isÂ describedÂ as working full-time on her father's website ",0.7633453607559204,0.6992786526679993,0.72990882396698
"Boehner's officeGOP requests for documentsObama's second day in officeHouse majority leader, was adamant that the case should be referred to the Justice DepartmentCongress's request for a retrialLerner, who was a member of the House panel that investigated the alleged bribery, has been a vocal critic of the Justice Department's handling of the investigationBoehner's 'disgust' at the IRS's 'incompetence'Republican PartyRepublican's resignation, is now a Republican foe of the IRS's LernerHouse majority leader, Rep'to prosecute the IRS for its 'incidental' targeting of Americans based on their political beliefs'Lois Lerner's attorney, William Taylor, said in a statement that his client 'looks forward to moving on with her life'","Justice Dept sent 7-page letter to House Speaker John Boehner explaining why the former IRS official was allowed to plead the Fifth Amendment Federal prosecutor in charge of the case sent his decision to Capitol Hill on the last day before his own resignation took effect Lerner offered a self-serving opening statement during a 2013 hearing, but refused to take questions even though she was under subpoena Hearing focused on the IRS's habit of targeting conservative groups with special scrutiny based on words like 'patriots' or 'tea party' in their names The DOJ says she can't be prosecuted for defying the subpoena 'because she made only general claims of innocence' and offered few details ",0.7805889248847961,0.7821524143218994,0.7813699245452881
"ISIS has sent the United States into uncharted territory,"" McGurk saidSyriaUS-led coalitions,"" he saidIraq's efforts to fight ISISISIS propaganda, and they've been able to get it to the people of Iraq,"" he saidISIS is, and they're learning that they're not going to get a slave bride, and they're going to get killed""""I think we're going to see those networks begin to dry up,"" he said",Obama's point man in ISIS fight doesn't rule out US military action beyond Iraq and Syria Brett McGurk: Iraqi leader making progress with Sunni tribes in planned Anbar offensive ,0.7910751104354858,0.7181687355041504,0.7528610229492188
"Ukip leader Nigel Farage 'jealous' of how the PM has reversed the greying processDavid Lloyd George to get his hair doneCameron was a ‘doctor’, Mr Farage said: ‘I think he is’David Cameron has said he is not worried about going grey",Farage claims PM has been secretly using hair dye to turn back the years He said: 'Any man who can reverse the greying process Iâ€™m jealous of'The PM has been accused of visiting stylists to keep hair looking youthful ,0.8077415823936462,0.7959628105163574,0.8018088936805725
Alabama are able to find the eggs by putting a transmitter inside the eggsBomb expert's device'several' children with disabilitiesThe Alabama Institute for the Deaf and Blind (AIDB) is a nonprofit organization that provides services to the blind and deaf in the state of Alabama,"Bomb expert David Hyche created the eggs when his daughter turned blind The children follow sound of a beeper in a plastic egg, trade it for candy He has now passed on the idea to Alabama Institute for Deaf and Blind ",0.776189386844635,0.7724032402038574,0.7742916941642761
"David Messerschmitt, who was married to his wife, was a'serious' man, and he was a'very good guy', the prosecutor saidDavid Messerschmitt's room, she allegedly stabbed him in the head with a kitchen knifegroins, a cigarette lighter and a cigarette lighterCraigslist was 'dcguy456'cited a 'dcguy456' profile on Craigslist as a possible link to the murderFacebook'kill''sleepless' for more than a weekJamyra Gallmon was a'suspicious' woman who had been'suspicious' of Messerschmitt for a whileGallmon spokesmanDavid Messerchmitt was a graduate of the University of Cincinnati Law SchoolGallmon, who was arrested on suspicion of murder, was released on a $20,000 bond","David Messerschmitt, 30, who met his wife in college, had been using Craigslist to solicit men, according to an affidavit on Tuesday Jamyra Gallmon, 21, 'contacted victim using a masculine-sounding email address and went to hotel with the intention of robbing him'The pair got into a struggle on February 9 and she stabbed him repeatedly in the abdomen, back and groin The lawyer was found dead at the upscale Washington DC hotel after being reported missing by his wife Gallmon made an initial appearance on the murder charge Superior Court in DC on Thursday ",0.7882046699523926,0.7786835432052612,0.7834151983261108
"Priory unitJack the Ripper be moved to a new prisonslang to describe himself as a'savage', was 'assassinated' by a prison officerBroadmoor's'sexy' showers– has been released by the hospitalBroadmoor is a secludedBroadmoor is a'very special place' for Sutcliffe, who has been a resident for more than a decadeBroadmoor's 210 beds is a 'complex' mix of low and medium secure beds, with a mix of low and medium secure beds'serious'YorkshireBroadmoor staff, who have been'very frightened' of himBroadmoor is the largest prison in the UK and the largest in the world for a male inmateThe Priory has been criticised for its lack of transparency and for its failure to provide a clear explanation for the move","Serial killer Peter Sutcliffe, 68, was jailed for life for murdering 13 women Held at Broadmoor since being diagnosed with paranoid schizophrenia He is now being considered for a move to the low-security Priory unit ",0.7614104747772217,0.6951252818107605,0.7267595529556274
"English teachersNHS nurse to be trained in the UK are still being kept secretIslamic medical exam and have a minimum of a 'B' grade in a medical examBritain being a member of the European UnionEnglish language training period before they can work in the countryRaqqa school will be able to work for the terrorist organisation after graduation'said to be 'the first of its kind', was aired on the network's websiteItalianNHS England has said it will be introducing it in the coming monthsEnglish levelThey are el for their job","ISIS has announced that all nurses working for them must speak English Rule was one of the entry requirements for a new nursing school in Raqqa NHS has also attempted to introduce English language checks for nurses But despite the law being approved, a lengthyÂ consultation process means EU-trained nurses are still being employed without English tests ",0.7986838221549988,0.7554519176483154,0.7764665484428406
"Kevin Streelman won the Par-3 Contest on a play-off against Camilo Villegas on WednesdayMasters, but Streelman's victory was a surpriseteeAugusta National standTiger Woods to win the tournamentJack Nicklaus (centre) with Ben Crenshaw (right) and Gary Player (left)Horan said after the incidentRory McIlroy is a big fan of the 'Storm' singer and has been a fan of the band for years",Kevin Streelman beat Camilo Villegas on third play-off hole at Augusta Tiger Woods played in the par-three contest for the first time since 2004 Jack Nicklaus recorded his first ever hole-in-one at the Masters ,0.8002901077270508,0.7342333793640137,0.7658399343490601
Israeli's attempts to stop themgrenades to disperse the crowdsPalestinians are not free'Palestinians againPalestinian Prisoners Day protestsThe protesters were reportedly chanting'israel israel'and'israel israel'as they walked away from the scene,"Boy, five, pelts police with stones as Palestinian protesters clash with Israeli police on the northern West Bank Violence erupted after more than 100 demonstrators took part in a rally to mark Palestinian Prisoners Day Israel has arrested around 800,000 Palestinians in the occupied territories since 1967 with 6,000 currently being held ",0.7527545094490051,0.7626184821128845,0.7576543688774109
Ross McCormack's goal was the only goal of the gameJermaine Pennant and the teamWigan manager Gary Caldwell says he is'very proud' of his players' performanceCaldwell has been sacked by the club after a run of six games without a winWigan's goal in the second halfWiganI'm going to be tired,Fulham 2-2 Wigan Athletic: CLICK HERE to read the match report Latics came from behind twice to stun the Cottagers Gary Caldwell admitted his first taste of management was 'crazy',0.7387643456459045,0.7438901662826538,0.7413183450698853
"Australia 108, who is also the owner of the Melbourne's tallest building, said he was'very happy' to have the apartmentMelbourne apartment is spread across the entire 100th floor of Australia 108 complexMelbourne's first skytrain stationMelbourne's CBDCBRE managing director of residential prAustralia 108, which is a penthouse apartment with a view of the citySydney's skyline and the bayAustralia 108 will be the tallest residential building in the worldEureka by a few metres, the Q1 Gold Coast building is the highest in Australiasydney's tallest building",Melbourne penthouse apartment was sold to Chinese businessman for $25 million Penthouse is in Australia 108 development at Melbourne's Southbank The 750 square metre apartment is spread across entire 100th floor of super skyscraper The building will be 319 metres tall - the highest in the southern hemisphere Construction has started on the building and is due to be complete in 2019 ,0.8108724355697632,0.7746698260307312,0.7923578023910522
British royals to choose fromJet Set Candy's Marry British Royalty Spinner Charm comes in 14K gold vermeil and sterling silver and retails for $198Prince Harry is listed as the only maleLondon charms and a 'destination' braceleta gold or silver finishNew YorkerKate's favourite)The London Is My Cup Of Tea Charm (R) is available for $128,"Jet Set Candy's Marry British Royalty Spinner Charm comes in 14K gold vermeil and sterling silver and retails for $198 and $148, respectively ",0.931221604347229,0.8333568572998047,0.8795753717422485
Dale Coyne Racing team chief mechanic Todd Phillips was hit by a car during Sunday's Indy Grand Prix of LouisianaFrancesco DraconeTodd Phillips as he was flagged down by a driverGrand PrixPhillips said: 'It's a freak accident,"Pit crew member Todd Phillips was hit by a car on Sunday during the inaugural IndyCar Grand Prix of Louisiana HeÂ wasÂ injuredÂ when he was struck by the car of Francesco Dracone, who hadÂ come in on Lap 25 for tires and fuel Phillips received stitches for a cut on his leg and has been released Dracone did not finish the race and wound up 23rd ",0.8085684180259705,0.806247353553772,0.8074062466621399
"Poldark fans will be pleased to know that Aidan's chest hair has been shaved offAidan Turner, who has admitted to using baby oil to show off his physique to maximum effect, has admitted to using baby oil to show off his once-hairy chest in favour of a less hirsute lookPoldark's chest hair offTwitter users have also weighed in with their own opinionsPoldark'The actor, who has a'strange' past, has been a regular on the set of the show since its inception in 2005",Photos taken for BBC show Being Human see Aidan Turner with a full 'rug'but his chest hair in Poldark's shirtless scenes looks distinctly pruned Fans take to Twitter to comment on new Poldark male grooming debate Aidan admits he uses baby oil to make his muscles look good in the series ,0.8104772567749023,0.7871500849723816,0.7986433506011963
"David Cameron has a commanding four point lead over the Labour Party with just 28 days until polling dayLabour are now a clear favourite to win the election, with a majority of 65% in the pollLabour has had since the 2010 general electionLabour has a four-point lead over the Tories in the poll– or a tenth – of support for the ideantage point lead over the Conservatives",Miliband overtakes David Cameron as the most popular political leader It is the first time that Labour leader has been ahead in approval ratings Labour Party has also taken a commanding four point lead over the Tories ,0.8225430250167847,0.7983908653259277,0.8102870583534241
"'awful' things parents do to their childrenTwitter posteat the bubble solution, therefore I'm an #a**holeparent,' wrote oneTwitter user posted a picture of their child crying, 'It's a poop ball,' and a picture of their child'stuck in a poop bag''t,' another parent wrotesat in his highchair and read while I swept up the food on the floor,' one parent captioned the imagei'm a fucking a**hole","#a**holeparents is a hashtag on Instagram to expose 'flawed parenting'Parents posts pictures of their children crying with the hashtag Children are shown crying because they are being fed and cleaned 'I wouldn't let her have a knife,' captioned one snap of a child sobbing The hashtag has almost 4000 posts from parents all over the world ",0.7885286808013916,0.7845997214317322,0.7865592837333679
"Filipovic to the canvasUFC 196Manuwa fought back to win the bout with a second-round stoppagefence against the defending champion, and a tense finish against the Polish opponentMaryna Moroz won the title with a second-round stoppage of Marcin Bandel",Cro Cop enjoyed revenge with third round knockoutÂ in Krakow Referee stepped in after Filipovic droppedÂ Gabriel Gonzaga to floor Jimi Manuwa made successful return by outpointing Jan Blachowicz ,0.8061604499816895,0.7963356971740723,0.8012179136276245
"England heritage, have been a huge success in the NFLDavid Beckham has a history of snubbing, the former England captain said: 'It's not about the date, it's about the relationship'David Beckham was a celebritysushi, she's going to eat it with meBeckham's son Brooklyn is looking to follow in his father's footsteps by becoming a professional footballerThe defender was a key part of the team's comeback against the Cowboys, and he has been a key part of the team's success since",James Corden shared the picture on Thursday via Twitter Corden is currently in America filmingÂ late-night talk show Late Late David Beckham was a guest on the 36-year-old's show last month ,0.7405868172645569,0.7220616936683655,0.7312069535255432
"Maurizio Zamparini has slapped a price tag on Paulo Dybala, telling PSG they will have to spend big to sign the 'new Lionel Messi'Parma president Maurizio Zamparini has slapped a price tag on Paulo DybalaBarcelona fans who want to sell himPalermo are determined to cash in on Dybala as he is wanted by some of Europe's biggest clubs","Paulo Dybala is being tracked by Manchester United, Chelsea and Arsenal Inter Milan, Juventus and Paris Saint-Germain are among others interested Inter boss Roberto Mancini was spotted at the Palermo match on Sunday Palermo president Maurizio Zamparini is demanding Â£36m from PSG READ: Dybala says he would love a Serie A stay ",0.7879780530929565,0.7914174795150757,0.7896940112113953
"London Fire Brigade said it was'very disappointed' that the fire had not been put outs battle to put out the fire in central LondonLondon Underground services were running normallyKingsway Service Tunnel is a major part of the London Underground networkUK Power Networks is responsible for the fireGas Fire in the tunnel is still under investigationLondon Fire Brigade spokesman said: 'The fire is still burningLondon's main roads were closed overnightLondon Fire Brigade's responsibility for the incident,' he saidLondon's pavements up to scratch and we want to see better investment in the capital's infrastructureinvolving electrical faults in the past yearLondon fires, the blaze was spotted by a lorry driver on the A1 at about 08:00 GMTLondon Fire Brigade said: 'It's a very scary sceneWest End theatres to help with the blaze, which was spotted by a passenger on the TubeA fire crew was called to a fire on a unit in north London","Main roads in Holborn are closed more than 24 hours after fire broke out More than 1,000 buildings remain without power as a result of the blaze Local businesses, government offices and tourist attractions are closed Commuters have been warned to avoid the area as witnesses describe long queues of buses ",0.7571445107460022,0.7101799249649048,0.7329105734825134
"Group Five with a 100% recordBoca Juniors beat Palestino 2-0 in the Copa Libertadores The Chilean side will now face arch rival River Plate in the last eightBoca's first goal came in the 71st minute, when he slid home a low shot from the edge of the boxBrazil's home soilNilmar scored for Internacional as they thumped Universidad de Chile 4-0",Boca Juniors defeated Palestino 2-0 with two late second-half goals Leandro Marin and Jonatan Calleri were both on the scoresheet Boca now face arch rivals River Plate in the Copa Libertadores last 16 ,0.837699294090271,0.8005751967430115,0.8187167048454285
"Leeds fans' favourites for yearsChelsea, who were beaten 4-2 by BradfordMark Lawn)Italian entrepreneur Mauro Milanese into a partnership with the Italian, he has also been attempting to buy Birmingham City from Carson YeungBradford City to the play-offs, but he has not yet confirmed if he will be re-signingft his role at Loftus Road in 2011 following the takeover by Tony Fernandes",Gianni Paladini has registered as director of Bradford's holding company The Italian has been searching for new club since leaving QPR in 2011 Paladini made attempt to buy Birmingham and has been linked with Millwall ,0.8006261587142944,0.7465113401412964,0.7726223468780518
"Middlesbrough's 2-0 win over Rotherham UnitedMartinez, Hunt, Broadfoot, Wood, Lafferty, Smallwood, Arnason)Boro, with a sloppy finish from a corner and a sloppy finish from a cornerTomlin's second goal came in the 74th minute when he slid a shot past Martinezstanzas, but the ball was cleared off the line by MartinezPatrick Bamford snatched the ball awayMartinez was unable to prevent the visitors from extending their lead with a last-minute equalisere on loan Chelsea star fails to add to his tally",Lee Tomlin's superb solo effort gave Middlesbrough a 50th minute lead Patrick Bamford doubled the hosts lead on 66 minutes Bamford could have made it 3-0 but saw his penalty saved late on Win moves Middlesbrough on to 78 points in the Championship in fourth ,0.7996564507484436,0.7630684971809387,0.7809341549873352
"Top Gear deal was 'completely scuppered' by Clarkson's punchTop Gear t-shirtClarkson and Hammond were sackeda long time, but the show has been a huge success and has been a huge success for the BBCMay said: 'It was a dream come trueHammond, he's not a fan of Top Gearpursuing charges'James May (centre) and his wife, Phyllis (right), have been married for more than 50 years","James May reveals he celebrated prematurely by ordering Â£200,000 Ferrari Lucrative contract was in a draft form with only a few details to resolve But offer was taken away after Clarkson's infamous 'fracas' with producer May said trio planned to continue making show before leaving 'with dignity'",0.7669172286987305,0.7215754389762878,0.7435557246208191
"England's Steven Finn has rediscovered the form that made him one of the most exciting fast-bowling prospects in EnglandFinn has done for the last couple of years, so we’re looking forward to seeing itEngland are struggling to find pace bowlersEngland is a big step upWaitrose will also be sponsoring the club’s Club Open Day, which will take place on the first weekend of June",Steven Finn was left out of the England squad for the West Indies tour The Middlesex quick bowler has regained form after a tough 12 months Finn said he's back to bowling like he was as 'a carefree 21-year-old'His last of 23 Test caps came for England back in 2013 ,0.7610719203948975,0.746389627456665,0.7536592483520508
Widnes's favour for the rest of the seasonHullHull tryHull defenders slammed into the back of the lineHanbury was the victim of a Hull defender's tackle on the Hull wingerHull's last-gasp trya scream,Tom Lineham scored two interception tries in an eye-catching display Jamie Shaul also crossed late on for the home side Kevin Brown and Patrick Ah Van replied for Widnes ,0.762493371963501,0.7484939098358154,0.7554287910461426
"e heart diseaseAmericans should consume less saltAmericans - can lead to heart disease, obesity and diabetes, they disagree on how to reduce the amount of salt people should eatsalttration of salt intake were less likely to have high blood pressureAmerican should be able to get enough sodium,' he saidAmerican Heart Association: 'Salt intake is a major contributor to high blood pressure,' says Suzanne Oparil","Current federal government guidelines dictate the people should limit their salt intake to 2,300 milligrams Scientists now believe a typical healthy person can consume as much as 6,000 milligrams per day without significantly raising health risks The same skeptics also warn of the health risks associated with consuming less than 3,000 milligrams Average American ingests about 3,500 milligrams of salt per day ",0.7409894466400146,0.7469369769096375,0.7439512610435486
Florida Attorney General's office saidWThe three men are now facing up to 30 years in jail if convicted of one count each of conspiracy to commit murder,The men are current or former Florida prison guards They are charged with one count of conspiracy to commit murder ,0.8648315668106079,0.8066973686218262,0.8347535133361816
"Sampdoria fans, who have been chanting 'Goodison Pa' for the past two yearsNapoli managerBenitez side,' he saidFerrero's side's squad for the World Cup qualifier against the United States on Saturday'It's a good day for the players,' he said",Ex-Liverpool boss told he would need to see a dietician before appointment Benitez was often mocked as a 'fat Spanish waiter' during his Anfield reign Ferrero addresses talk of job swap with Sinisa Mihajlovic heading to Napoli Mihajlovic has guided Sampdoria to the brink of European qualification ,0.7217456102371216,0.7304587364196777,0.726076066493988
"Prince Charles to be able to write to ministersCharles as a'very good guy', he was 'not a raving loyalist'Charles's 'incredible' interest in the'stunning''stunning'Prince's mother's deathLabour, but I didn't receive any letters from him when I was in the Chancellor's officeblack inkPrince Charles's notes were seized by the Crown Prosecution Service in April","Ex deputy PM said there was no problem with Charles writing to ministers Admitted Charles had sent him a lot of letters while he was in government Released two, including oneÂ condolenceÂ letter over death of his mother Comes after court ruled Charles's letters to ministers should be published ",0.7891547679901123,0.7436902523040771,0.7657482624053955
Pakistan's bus after the attack on Sri Lanka's team bus in 2009Pakistan and PakistanZimbabwe and said he would like to play cricket in PakistanPakistan will also be able to host the Pakistani team in Lahore,"Zimbabwe have reportedly agreed to visit Pakistan for ODI series in May Pakistan have not played host to major cricket series since 2009 There have been security fears since Sri Lanka were victims of terror attack Team bus was targeted by gunmen in Lahore, and eight people were killed ",0.7934491634368896,0.7896280288696289,0.7915340065956116
"Instagram users to model the dressLord & Taylor dress was a hit with fashionistasLord & Taylor was to get the word out about the new line and to get the word out about the new line’Lord & Taylor's upcoming collectionProm dressesKevin Hart's movie, you need to have a lot of followersLord & Taylor has also admitted it paid the bloggers to promote the dress on social media",Fifty top fashionistas all posted photos of the same Lord & Taylor dress on Instagram at the weekend The retailer has admitted that the bloggers got 'unspecified compensation' to lend their credability and give the dress their seal of approval The ploy proved an instant success as the $88 Paisley Asymmetrical Dress sold out and created an online buzz for the entire Design Lab collection The deal highlights the gray area of bloggers failing to disclose when they've received payment for promoting some goods and services ,0.7885404229164124,0.7954370975494385,0.7919737696647644
Danny Willett for the first timeDanny Willett's team and we were playing wellWillett was left frustrated with a rules official for getting in his line-of-sight during his round The 27-year-old is playing in his first Masters,Englishman Danny Willett blasts timing referee for getting in line-of-sight Vented anger at official as he bogeyed the 17th at 2015 Masters Willett carded a one-under 71 on opening round in first time at Augusta ,0.8188357353210449,0.8086175918579102,0.8136945962905884
Facebook profile will display the latest picturesInstagram username in your profile'Instagram integration - and now shows friends of friends as well as more interestsTinder spokesperson said: 'We are excited to announce that we are launching a new feature that will help you find the perfect match'GlobalWebIndex saidTinder Plus users are paying for the serviceTinder Plus for the first timeTinder Plus if they are not interested in a relationshipi'm not sure if they were a good deal or not,Tinder only displays the last 34 photos - but users can easily see more Firm also said it had improved its mutual friends feature ,0.8131313323974609,0.7266272902488708,0.7674493789672852
Manchester United's charity event in the summerNathaniel Clyne has impressed for Southampton this season and has been linked with move awayRonald Koeman has admitted it may be hard to keep Clyne at Southampton this summer,Nathaniel Clyne has been in impressive form for Southampton this season Full back has been linked with a move to Manchester United this summer Clyne admits he is ambitious and wants to play in the Champions League ,0.8498741388320923,0.8326470255851746,0.8411723971366882
"Heatlie as a'stupid, snobby, snobby, snobby, snobby, snobby'Edinburgh Sheriff Court, Mr Heatlie said: 'I am sorry to have caused such a terrible injury to Fiona McCartneyGlasgowcigaretteHeatlie and McCartney are happy to work togetherHeatlie in anything beforeHeatlieivator","Mike Heatlie, 42, punched Fiona McCartney outside Edinburgh nightclub She is facing Â£7,000 dental bill and says she is too scared to leave home Heatlie pleaded guilty atÂ EdinburghÂ Sheriff Court to attacking 43-year-old Stefani previously described trainer as a 'tireless, wonderful motivator'",0.7580667734146118,0.7527533769607544,0.7554007768630981
"Base Camp as the avalanche, which swept through the mountainsideSherpa and she's a great climberDicker's mother said: 'She's a very brave girl and she's a very brave girla bit worried about the safety of the base camp'British social media was that a British man was'so lucky to be alive'Everest base camp on Saturday morningAlex'said she was going to have a glass of wine'avalanchemedical assistance'The trekkers have been contacted by a group of people who have managed to get in touch with them'was thrown off the roof of the house', said: 'It was just awfulThe couple were reportedly travelling to the Himalayas for a holidayAnn McNeil, who was a'very bright and talented' studentMike RussellDebbie was'very lucky' to survive the avalanchealtitude sickness","Selina Dicker, 38, from Fulham, London, survived Mount Everest avalanche Climber ran for her life as a wall of snow and ice tore through Base Camp She was in same group as Google executive Dan Fredinburg who died Amanda Holden's said sister survived because she had altitude sickness ",0.7720465064048767,0.7194958925247192,0.7448455095291138
"Donald Trump's staffers retweeted the messageHillary Clinton's'stupid' jokesWhite House relationship with Donald Trump has been strained by the fact that he has a'very strained relationship with his wife'Bill Clinton's 'friends'Taylor BurmeisterDonald Trump a'stupid' tweetBurmeister, I'm sure you'll find a lot of 'Dallas'-style equestriansHillary Clinton's campaign has not responded to the request for comment","Sawyer Burmeister, a horse-riding champion and sometimes actress, tweeted the barb on Thursday evening Second Twitter used forwarded it to Donald Trump, the real estate titan who's a possible Republican presidential candidate A Trump social media employee â€“ one of TEN on his staff who help with Twitter and other platforms â€“ retweeted the message Trump deleted it, but the Internet is forever ",0.7875781655311584,0.7653336524963379,0.7762966156005859
Liverpool in the Premier League last season but has not made it to the top flightJack is a great playerGrealish has been a great player for Liverpool and we are looking forward to seeing him continue to develop,Aston Villa teenager Jack Grealish was pictured taking 'hippy crack'Grealish was in impressive form in Aston Villa's win over Liverpool Villa boss Tim Sherwood has warned Grealish over his future behaviour ,0.731073796749115,0.7436676025390625,0.737316906452179
"Kurds have been fighting Turkish forces in the region for more than a decadeTurkish government to release himKurdish rebels: The Kurdish rebels have been fighting for more than three decades for independence from TurkeyKurdish leaders have been incarcerated for decades, and the government has a long history of repression","Four Turkish troops were wounded in the flight, according to the country's military Turkey President  Recep Tayyip Erdogan says clashes are attempt to halt a resolution process with Kurds Violence between Kurds and the Turkish military has been ongoing for more than three decades ",0.7848270535469055,0.8057377934455872,0.7951449751853943
"James Ossuary was found in the tombJerusalem’s long-held belief that the tomb was a place where Jesus was buriedJesus was a common name in the areaJerusalem’s East Talpiot neighbourhoodJames to be the brother of Jesus'can be used to determine the authenticity of the inscription'Oded Golan’s tomb and found the inscriptions were not forgeriesJewish name for the soilTalpiot inscriptionJesus Christ was not a real person and is probably the result of a combination of stories about several different individualDavid FitzgeraldJesus was not realChristian mystery faith that is a cult, and it is a mystery faith that is a cultChristianityJesus was the only one who could be regarded as a messiahNazarethIsrael's national monuments lawJames Ossuary is kept in a secret location by its owner, who lives in Tel Aviv","Geologist ran 150 chemical tests on ossuaries and 'Jesus Family tomb'Claims chemical signature proves James Ossuary was at Jerusalem site Chalk box bears inscription â€˜James, son of Joseph, brother of Jesusâ€™Find suggests Jesus fathered a child and was married ",0.8008201718330383,0.7388712167739868,0.7685994505882263
"Myer stores will be able to purchase the dolls for $300 eachNew York Toy Fair in 1959Barbie to the next generationBarbie for $300'Barbie's Australian launch coincides with the launch of the Barbie World Tour, which will take place in Sydney from April to June","Original 1959 Barbie has been reproduced and goes back on sale April 11 Myer have teamed up with Mattel to re-release the iconic doll in Australia The first 500 dolls will be sold for the original 1959 price of $300 The dolls will be sold for $3495 after the promotional priced ones are gone Promotion is at Sydney, Melbourne, Brisbane, Perth, Adelaide City stores ",0.7957977056503296,0.7910494804382324,0.7934165000915527
"Labour’s plans to cut the size of the tax-free state by a thirdLabour has a'stunning' manifesto, which includes a pledge to cut the deficit by a third by 2020Nicola Sturgeon has said she is ‘very confident’ that the SNP will win the next electionLabour scrutinyScotland's independence scuttledScotland, have lost their seatsWestminster election campaign were ‘not going to be able to afford to pay for the snooze’Scotland should be left out of the decision’Scotland’s budgets cut by a third in the next decadeve a £76billion black hole in its finances",Nicola Sturgeon will today unveil SNP manifesto as a 'bid to lead the UK'Several of her party's election pledges will overlap with Labour policies Others are calculated to drag a minority LAbour government to the left These include cancelling Trident and halting Tory changes to benefits ,0.7990020513534546,0.7412886619567871,0.7690641283988953
"British, said: 'It's a shame that so many people are overweight and lazyBritish employers to force employers to hire obese workersobese people is between 30 and 40– could be a form of torture"" of people who are overweight'It is a 'disaster' for the overweight to be able to work,' she saidEuropean judges ruled that obesity qualified as a disabilityObesity Awareness Day, which is held every year in the UKioned","Survey of 1,000 firms showed half are less inclined to recruit obese people Believe they are 'lazy' and 'unable to fulfil their roles as required'Comes after European court ruled obesity is a disability after 25st Danish childminder claimed he was sacked by local authority because he was fat Specialist furniture such as larger chairs Parking spaces next to the workplace Dietary advice to overweight staff Gym memberships Opportunities to work from home ",0.7811050415039062,0.7811378240585327,0.7811214327812195
Lazio's second goal in the second halfLazio's second goal of the gameMarek Hamsik (left) celebrates scoring a late goal against FiorentinaPalermo's long wait for a second away win came to an end with a 3-1 win at UdineseAtalanta's 1-0 win over Sassuolo was their first away win of the seasonolo in Bergamo,Lazio closed the gap on leaders Juventus with 4-0 thumping of Empoli Win sees Lazio leapfrog rivals Roma into second place 12 points off Juve Napoli smashed three past Fiorentina to comfortably regain fourth place Palermo earned just their second away win of the season with Udinese win ,0.8138102293014526,0.8023814558982849,0.8080554604530334
"China has a history of executing foreign nationals for drug smugglingChina has a history of smuggling drugs into the countryChinese citizen'Australians were 'involved in the investigation', the document saidDaniel Piotrowski (left) and his friend Ibrahim Jalloh (right) were arrested at Guangzhou Airport in July over alleged drug crimesAustralian had in the relationship between the twoAustralia, said she was'very disappointed' with the outcome of the caseChina's Ministry of Justice said the case was being investigated by the Chinese authoritiesAustralia's Foreign Minister has said he will not be'seen' by the UN","Number and seriousness of Australians facing death penalty in China is 'unprecedented'That's according to a high-level ministerial briefing obtained by Daily Mail Australia under freedom of information laws Many Australians arrested were caught in Guangzhou province - a production hub of the drug 'ice'As many as 11 were arrested in Guangzhou alone in 2014 A prominent jockey and four other citizens are known to be potentially facing death row, including Kalynda Davis's former partner Peter Gardner Ms Davis, 22, was freed without charge in December after a month spent in a Chinese prison Do you know more? DanielPiotrowski@mailonlinecom ",0.7488049268722534,0.7548654675483704,0.7518229484558105
"Georgia's stadiumGeorgia's fans to leave the stadium before the matchGeorgian football leagueGeorgia are fifth in the table, with just one win from five games","UEFA will make a decision on September's match on May 21 Scotland are set to face Georgia in Tbilisi on September 4 UEFA has openedÂ disciplinary proceedings against the Georgian Football Federation following recent crowd trouble Georgia fans twice invaded the field of play during Sunday's 2-0 defeat to Germany in Tbilisi Scotland currently sit third in Group D, a point behind leaders Poland ",0.730012059211731,0.7634140253067017,0.7463395595550537
Liverpool's winger SterlingArsenal manager Arsene Wenger has defended Sterling's decision to hold an interview without Liverpool's permissionArsenal and Chelsea are also interested in SterlingChelsea are monitoring Sterling's contract talks closely,"Arsenal have shown an interest in Liverpool forward Raheem Sterling However Sterling's recentÂ behaviour has troubled Arsenal's hierarchy Sterling has been caught smoking shisha and inhaling nitrous oxide Man City, Man United and Chelsea are monitoring Sterling's situation READ: Real Madrid ARE keen on signing Sterling, says Zinedine Zidane READ: Sterling pictured AGAIN with shisha pipe this time with Jordan Ibe ",0.7721152305603027,0.803686797618866,0.7875847220420837
Burnley were unable to get a goalbBurnley's Ashley Barnes is a talisman in the middle of the parkBurnleyBarnesAaron Ramsey was the man to beat in the first half as Arsenal dominated the gameAaron Ramsey's goal was a stunning finish from the edge of the boxOlivier Giroud was unable to add to his six-game run of goalscoring at Turf Moor,"Francis Coquelin superb in protecting Arsenal back four at Turf Moor Tom Heaton does well in goal for hosts, but Arsenal keep winning Ben Mee puts in excellent display at full back for Burnley despite loss ",0.7964446544647217,0.7665964961051941,0.7812355160713196
Robin van PersieRene Higuita and then kicking the ball into the netManchester United forward a fee of up to £5millionManchester United fans believe he is a player who can be a big asset to the clubll scored 10 goals in the Premier League,Robin van Persie has been linked with a move from Manchester United Holland international's son Shaqueel has been showing off his skills The Dutchman's son scored with a scorpion kick made famous by Colombia keeper Rene Higuita ,0.7752664685249329,0.7613275647163391,0.7682337760925293
"Kosovan singer herselfsacked by the end of the dayRimmel model to create a range that is as bold and vibrant as the brand itselfThe brand is based in London and has a range of clothing for men and womenBritish, but I’ve always been a fan of the American brandRita is a very busy woman, she has a very busy lifeThe Voice coach has been a huge success with her projects and has a huge followingRicky at a party, rightkate moss, right","Rita, 24, has designed range for adidas Originals Designs are inspired by Asian culture, she tells FEMAIL Star says she's excited to see what the future holds for her ",0.7765240669250488,0.7324317693710327,0.7538337707519531
"Matthew BroderickFerris Bueller's Day Off's mascotFerrari's most famous cars is the red model for the 1986 film Ferris Bueller's Day OffFerrari restoration, has a bespoke interior and a bespoke engineRM Sotheby's to sell it for a record £8mFerrari is a rarity in the world of sports carsDelon's cars are a great example of the'sporty' look of the 1970sFerrarisFerrari's greatest assetThe car is a classic, and the interior is a classic, tooInsideMatthew Broderick (left) and Alan Ruck (right) are pictured with the Ferrari",The 1961 Ferrari 250 GT SWB California Spider is regarded by many as the most beautiful convertible ever made It is the same model that was famously  crashed into aÂ ravineÂ in the 80s cult classic filmÂ Ferris Bueller's Day Off Convertible - which doesÂ 0-60mph in less than 7 seconds - is going to auction and is expected to reach Â£10million ,0.7686718106269836,0.7526984810829163,0.760601282119751
